{
  "script": "spawn-sync",
  "iterations": 5,
  "warmup": 2,
  "stats": {
    "min": 80.304958,
    "max": 115.19266700000003,
    "mean": 104.21234180000002,
    "median": 111.57162500000001,
    "stdDev": 12.707635094716277,
    "p95": 115.19266700000003
  },
  "timestamp": "2026-01-31T01:52:35.469Z"
}