{
  "script": "spawn-sync",
  "iterations": 5,
  "warmup": 2,
  "stats": {
    "min": 93.41174999999998,
    "max": 97.26754199999999,
    "mean": 94.9525836,
    "median": 94.18254200000001,
    "stdDev": 1.4427746257549094,
    "p95": 97.26754199999999
  },
  "timestamp": "2026-01-31T01:55:47.547Z"
}